<features name="Enterprise-Sample" xmlns="http://karaf.apache.org/xmlns/features/v1.2.0"
          xmlns:xsi="http://www.w3.org/2001/XMLSchema-instance"
          xsi:schemaLocation="http://karaf.apache.org/xmlns/features/v1.0.0 http://karaf.apache.org/xmlns/features/v1.2.0">

    <feature name='enterprise-sample' version="${project.version}" resolver="(obr)">

        <feature>http</feature>
        <feature>cxf</feature>

        <bundle>mvn:ru/cxf-soap/1.0-SNAPSHOT</bundle>
        <bundle>mvn:ru/statistics-codegen/2.0</bundle>
    </feature>
</features>