<?xml version="1.0" encoding="UTF-8"?>
<metadata modelVersion="1.1.0">
  <groupId>ru</groupId>
  <artifactId>osgi-feature</artifactId>
  <version>1.0-SNAPSHOT</version>
  <versioning>
    <snapshot>
      <localCopy>true</localCopy>
    </snapshot>
    <lastUpdated>20170523160125</lastUpdated>
    <snapshotVersions>
      <snapshotVersion>
        <classifier>features</classifier>
        <extension>xml</extension>
        <value>1.0-SNAPSHOT</value>
        <updated>20170523160125</updated>
      </snapshotVersion>
    </snapshotVersions>
  </versioning>
</metadata>
